rho,Na,Nd,No,E[N],pIdle
0.25,124840,124840,625202,0.3295622854693363,0.751241998586057
0.35,174895,174895,875184,0.5368985264812886,0.6494977056253314
0.45,224774,224774,1124696,0.817833441214337,0.5510698001948972
0.55,275003,275003,1373768,1.2210700787905964,0.45008982593858643
0.65,325464,325464,1624343,1.8650020346687861,0.35045184422255643
0.75,374892,374892,1878029,3.020993286046169,0.24965801912537028
0.85,425936,425936,2124105,5.849937738482796,0.14627478396783586
0.95,473974,473974,2376084,18.617849789822245,0.053260743307054804
